Store,Date,IsHoliday,Temperature,gas_price,discount_promotional,discount_clearance,discount_damaged_good,discount_competitive,CPI,Unemployment,Weekly_Sales,Type,Size,Weekly_Sales.1
1,2/5/2010,FALSE,59.33,3.36,9667.5,268.29,0.6,8368.15,223.6591137,6.833,1643690.9,A,151315,1643690.9
1,2/12/2010,TRUE,51.65,3.409,8687.47,1594.87,2.2,2144.87,223.753643,6.833,1641957.44,A,151315,1641957.44
1,2/19/2010,FALSE,52.39,3.51,2706.87,3128.74,1.88,2396.68,223.9170153,6.833,1611968.17,A,151315,1611968.17
1,3/12/2010,FALSE,60.71,3.669,8368.5,298.46,1.39,1340.29,224.5620291,6.833,1439541.59,A,151315,1439541.59
1,3/19/2010,FALSE,64,3.734,2588.06,80.89,3.2,909.76,224.7166953,6.833,1472515.79,A,151315,1472515.79
1,3/26/2010,FALSE,66.53,3.787,737.08,36.1,1.43,92.11,224.7909104,6.833,1404429.92,A,151315,1404429.92
1,4/2/2010,FALSE,69.36,3.845,825.1,99.83,1.25,113.25,224.8651254,6.833,1594968.28,A,151315,1594968.28
1,4/16/2010,FALSE,72.83,3.891,5359.22,1673.42,3,682.03,225.0135556,6.664,1466058.28,A,151315,1466058.28
1,4/23/2010,FALSE,72.05,3.877,2784.82,130.68,1.75,425.29,225.0689541,6.664,1391256.12,A,151315,1391256.12
1,6/4/2010,FALSE,81.55,3.501,2664.55,10,220.03,618.49,225.2518313,6.664,1615524.71,A,151315,1615524.71
1,6/11/2010,FALSE,81.65,3.452,5770.48,28.6,30.18,283.7,225.2521458,6.664,1542561.09,A,151315,1542561.09
1,6/18/2010,FALSE,84.66,3.393,2014.47,31.8,1,631.17,225.2644795,6.664,1503284.06,A,151315,1503284.06
1,6/25/2010,FALSE,82.7,3.346,1843.45,11.2,0.51,421.71,225.3068615,6.664,1422711.6,A,151315,1422711.6
1,7/9/2010,FALSE,83.14,3.227,2625.99,30.7,28.16,703.16,225.3916254,6.334,1546074.18,A,151315,1546074.18
1,7/16/2010,FALSE,82.28,3.256,3196.9,20.8,2.02,302.29,225.4340074,6.334,1448938.92,A,151315,1448938.92
1,7/23/2010,FALSE,81.38,3.311,1266.72,66.2,3.83,149.62,225.4438827,6.334,1385065.2,A,151315,1385065.2
1,7/30/2010,FALSE,84.94,3.407,3447.28,31,2.46,1791.7,225.4537579,6.334,1371986.6,A,151315,1371986.6
1,8/6/2010,FALSE,86.55,3.417,5683.49,37.2,0.04,2484.22,225.4636332,6.334,1605491.78,A,151315,1605491.78
1,8/13/2010,FALSE,85.85,3.494,3375.44,28.4,2.4,1880.43,225.4735085,6.334,1508237.76,A,151315,1508237.76
1,9/3/2010,FALSE,85.18,3.638,6599.69,27.8,24.7,1743.76,225.8293063,6.334,1540163.53,A,151315,1540163.53
1,9/10/2010,TRUE,84.99,3.73,2266.83,19,8.31,419.87,225.9660263,6.334,1507460.69,A,151315,1507460.69
1,9/24/2010,FALSE,72.78,3.721,3233.34,1.91,7.69,878.66,226.3151496,6.334,1351791.03,A,151315,1351791.03
1,10/29/2010,FALSE,74.66,3.506,370.99,6.35,4,5.94,226.9873637,6.034,1384209.22,A,151315,1384209.22
1,11/5/2010,FALSE,61.61,3.386,3218.13,420.29,0.55,1498.52,227.0058832,6.034,1551659.28,A,151315,1551659.28
1,11/12/2010,FALSE,68.72,3.314,2540.75,985.52,0.85,273.23,227.0244026,6.034,1494479.49,A,151315,1494479.49
1,11/19/2010,FALSE,61.1,3.252,1933.43,197.19,48.6,433.85,227.0569237,6.034,1483784.18,A,151315,1483784.18
1,12/31/2010,TRUE,51.76,3.108,6542.05,10952.76,70.6,201.38,227.5148363,6.034,1367320.01,A,151315,1367320.01
1,1/7/2011,FALSE,46.52,3.161,2917.32,7821.32,0.2,171.09,227.6363871,6.108,1444732.28,A,151315,1444732.28
1,1/14/2011,FALSE,49.83,3.243,2503.67,3395,0.52,160.25,227.7579379,6.108,1391013.96,A,151315,1391013.96
1,1/21/2011,FALSE,49.09,3.237,659.55,779.95,2.1,43.05,227.7893692,6.108,1327405.42,A,151315,1327405.42
1,1/28/2011,FALSE,57.85,3.227,524.43,838.33,0.1,19.79,227.7847527,6.108,1316899.31,A,151315,1316899.31
1,2/4/2011,FALSE,62.81,3.244,2513.52,665.85,30,3221.12,227.7801362,6.108,1606629.58,A,151315,1606629.58
1,2/11/2011,TRUE,62.77,3.417,29091.04,224.97,163.55,6151.53,227.7755197,6.108,1649614.93,A,151315,1649614.93
1,3/11/2011,FALSE,57.25,3.658,6458.44,34.88,4,892.51,228.2526667,6.108,1553191.63,A,151315,1553191.63
1,4/8/2011,FALSE,65.89,3.583,9649.15,1285.04,316.3,65.46,228.6428882,5.999,1614259.35,A,151315,1614259.35
1,4/15/2011,FALSE,67.56,3.529,900.72,716.86,53.54,151.17,228.7298638,5.999,1559889,A,151315,1559889
1,4/22/2011,FALSE,71.69,3.451,976.83,0.01,60,40.4,228.7298638,5.999,1564819.81,A,151315,1564819.81
1,11/11/2011,FALSE,59.11,3.297,10382.9,6115.67,215.07,2406.62,217.9980849,8.2,1594938.89,A,151315,1594938.89
1,11/18/2011,FALSE,62.25,3.308,6074.12,254.39,51.98,427.39,218.2205088,8.2,1539483.7,A,151315,1539483.7
1,11/25/2011,TRUE,60.14,3.236,410.31,98,55805.51,8,218.4676211,8.099,2033320.66,A,151315,2033320.66
1,12/2/2011,FALSE,48.91,3.172,5629.51,68,1398.11,2084.64,218.7147333,8.099,1584083.95,A,151315,1584083.95
1,12/9/2011,FALSE,43.93,3.158,4640.65,19,105.02,3639.42,218.9618456,8.099,1799682.38,A,151315,1799682.38
1,12/16/2011,FALSE,51.63,3.159,5011.32,67,347.37,225.79,219.1794533,8.099,1881176.67,A,151315,1881176.67
1,12/23/2011,FALSE,47.96,3.112,2725.36,40.48,634.7,24.9,219.3577216,8.099,2270188.99,A,151315,2270188.99
1,12/30/2011,TRUE,44.55,3.129,5762.1,46011.38,260.36,983.65,219.5359898,8.099,1497462.72,A,151315,1497462.72
1,1/6/2012,FALSE,49.01,3.157,6277.39,21813.16,143.1,1450.13,219.7142581,8.099,1550369.92,A,151315,1550369.92
1,1/13/2012,FALSE,48.53,3.261,5183.29,8025.87,42.24,453.08,219.8925263,8.099,1459601.17,A,151315,1459601.17
1,1/20/2012,FALSE,54.11,3.268,4139.87,2807.19,33.88,500.62,219.9856893,8.099,1394393.84,A,151315,1394393.84
1,1/27/2012,FALSE,54.26,3.29,1164.46,1082.74,44,11,220.0788523,8.099,1319325.59,A,151315,1319325.59
1,2/3/2012,FALSE,56.55,3.36,34577.06,3579.21,160.53,32403.87,220.1720153,8.099,1636339.65,A,151315,1636339.65
1,2/10/2012,TRUE,48.02,3.409,13925.06,6927.23,101.64,8471.88,220.2651783,8.099,1802477.43,A,151315,1802477.43
1,2/17/2012,FALSE,45.32,3.51,9873.33,11062.27,9.8,8409.31,220.4257586,8.099,1819870,A,151315,1819870
1,2/24/2012,FALSE,57.25,3.555,9349.61,7556.01,3.2,1219.92,220.636902,8.163,1539387.83,A,151315,1539387.83
1,3/2/2012,FALSE,60.96,3.63,15441.4,1569,10.8,25390.88,220.8480454,8.163,1688420.76,A,151315,1688420.76
1,3/9/2012,FALSE,58.76,3.669,10331.04,151.88,6,671.43,221.0591887,8.163,1675431.16,A,151315,1675431.16
1,3/16/2012,FALSE,64.74,3.734,4298.16,7.5,2.02,2724.65,221.2118132,8.163,1677472.78,A,151315,1677472.78
1,3/23/2012,FALSE,65.93,3.787,6118.56,9.48,4.97,426.72,221.2864126,8.163,1511068.07,A,151315,1511068.07
1,3/30/2012,FALSE,67.61,3.845,10309.58,0.5,10.25,1654.17,221.3610119,8.163,1649604.63,A,151315,1649604.63
1,4/13/2012,FALSE,69.07,3.891,6186.19,3288.69,17.07,1822.55,221.5102105,8.163,1621031.7,A,151315,1621031.7
1,4/20/2012,FALSE,66.76,3.877,2230.8,612.02,19.75,275.13,221.5640737,8.163,1521577.87,A,151315,1521577.87
1,6/1/2012,FALSE,77.95,3.501,6086.21,12,370.51,148.75,221.7472139,8.028,1624477.58,A,151315,1624477.58
1,6/8/2012,FALSE,78.3,3.452,8813.81,116.8,64.55,2652.04,221.7494839,8.028,1697230.96,A,151315,1697230.96
1,6/15/2012,FALSE,79.35,3.393,5621.99,109.6,0.25,2420.28,221.7626421,8.028,1630607,A,151315,1630607
1,6/22/2012,FALSE,78.39,3.346,8624.56,171.25,3.05,2524.07,221.8030211,8.028,1527845.81,A,151315,1527845.81
1,7/6/2012,FALSE,81.57,3.227,12218.76,94.4,192.83,4066.01,221.8837789,8.028,1769854.16,A,151315,1769854.16
1,7/13/2012,FALSE,77.12,3.256,7218.13,45.2,36.24,3909.38,221.9241579,8.028,1527014.04,A,151315,1527014.04
1,7/20/2012,FALSE,80.42,3.311,3213,313.72,9.53,2262.02,221.9327267,8.028,1497954.76,A,151315,1497954.76
1,7/27/2012,FALSE,82.66,3.407,7146.9,389.02,1.59,10267.54,221.9412954,8.028,1439123.71,A,151315,1439123.71
1,8/3/2012,FALSE,86.11,3.417,27584.78,119.98,30.23,12007.04,221.9498642,8.028,1631135.79,A,151315,1631135.79
1,8/10/2012,FALSE,85.05,3.494,11436.22,245,6.85,6964.26,221.9584329,8.028,1592409.97,A,151315,1592409.97
1,8/17/2012,FALSE,84.85,3.571,3662.06,137.86,4.84,2752.2,222.0384109,8.028,1597868.05,A,151315,1597868.05
1,8/24/2012,FALSE,77.66,3.62,6237.83,260.06,2.97,3463.03,222.1719457,7.931,1494122.38,A,151315,1494122.38
1,8/31/2012,FALSE,80.49,3.638,21442.73,102.32,21.7,13209.64,222.3054805,7.931,1582083.4,A,151315,1582083.4
1,9/7/2012,TRUE,83.96,3.73,5204.68,35.74,50.94,4120.32,222.4390153,7.931,1661767.33,A,151315,1661767.33
1,9/14/2012,FALSE,74.97,3.717,17212.52,7,18.79,1523.11,222.5820193,7.931,1517428.87,A,151315,1517428.87
1,9/21/2012,FALSE,69.87,3.721,6352.3,7.64,4.69,1010.06,222.7818386,7.931,1506126.06,A,151315,1506126.06
1,9/28/2012,FALSE,76.08,3.666,3666.27,7.64,1.65,1417.96,222.9816579,7.931,1437059.26,A,151315,1437059.26
1,10/26/2012,FALSE,69.16,3.506,2585.85,31.75,6,1057.16,223.4442513,7.931,1493659.74,A,151315,1493659.74
2,11/11/2011,FALSE,59.33,3.297,10797.64,20445,443.32,4754.07,217.6455387,7.441,1502078.93,A,202307,1920725.15
2,11/18/2011,FALSE,62.01,3.308,6490.92,1217.76,152.12,873.82,217.8670218,7.441,1902762.5,A,202307,1902762.5
2,11/25/2011,TRUE,56.36,3.236,919.71,62,77451.26,23,218.1130269,7.441,2614202.3,A,202307,2614202.3
2,12/2/2011,FALSE,48.74,3.172,8010.99,83.47,1897.27,4444,218.3590319,7.441,1484708.38,A,202307,1954952
2,12/9/2011,FALSE,41.76,3.158,11472.59,40,306.43,4160.55,218.605037,7.441,1713769.06,A,202307,2290549.32
2,12/16/2011,FALSE,50.13,3.159,4908.83,61.03,341.49,469.8,218.8217928,7.441,1852179.15,A,202307,2432736.52
2,12/23/2011,FALSE,46.66,3.112,2971.04,15.18,1501.75,88.76,218.9995495,7.441,3224369.8,A,202307,3224369.8
2,12/30/2011,TRUE,44.57,3.129,8321.44,92523.94,139.53,1515.4,219.1773063,7.441,1874226.52,A,202307,1874226.52
2,1/6/2012,FALSE,46.75,3.157,5886.72,37454.29,121.16,2388.92,219.355063,7.057,1266570.4,A,202307,1799520.14
2,1/13/2012,FALSE,45.99,3.261,4414.72,12092.63,98.38,708.18,219.5328198,7.057,1182198.7,A,202307,1744725.48
2,1/20/2012,FALSE,51.7,3.268,6552.26,4355.69,105.97,1703.1,219.6258417,7.057,1237104.73,A,202307,1711769.11
2,1/27/2012,FALSE,50.5,3.29,1920.15,1507.56,86.09,43.4,219.7188636,7.057,1660906.14,A,202307,1660906.14
2,2/3/2012,FALSE,55.21,3.36,75149.79,3818.85,221.4,48159.86,219.8118854,7.057,1935299.94,A,202307,1935299.94
2,2/10/2012,TRUE,46.98,3.409,13510.89,6674.42,94.07,14114.9,219.9049073,7.057,1499496.67,A,202307,2103322.68
2,2/17/2012,FALSE,43.82,3.51,13942.54,14273.24,15.76,4927.14,220.0651993,7.057,1424720.27,A,202307,2196688.46
2,2/24/2012,FALSE,54.63,3.555,13048.36,12059.1,10.2,5299.73,220.275944,7.057,1352470.09,A,202307,1861802.7
2,3/2/2012,FALSE,58.79,3.63,23901.27,2144.7,9,9799.63,220.4866886,7.057,1952555.66,A,202307,1952555.66
2,3/9/2012,FALSE,57.11,3.669,11784.91,368.32,3,2498.17,220.6974332,7.057,1937628.26,A,202307,1937628.26
2,3/16/2012,FALSE,63.68,3.734,5965.99,230.42,3,2650.77,220.8498468,7.057,1976082.13,A,202307,1976082.13
2,3/23/2012,FALSE,64.01,3.787,6008.98,139.93,6.63,1650.49,220.9244858,7.057,1342254.55,A,202307,1790439.16
2,3/30/2012,FALSE,66.83,3.845,14369.3,164.77,17,1017.31,220.9991248,7.057,1327139.35,A,202307,1857480.84
2,4/6/2012,FALSE,68.43,3.891,12132.59,1.3,32.58,4874.69,221.0737638,6.891,2129035.91,A,202307,2129035.91
2,4/13/2012,FALSE,68.08,3.891,8994.04,6573.08,20.21,4162.2,221.1484028,6.891,1935869.1,A,202307,1935869.1
2,4/20/2012,FALSE,65.69,3.877,7311.02,2236.2,33.53,878.07,221.2021074,6.891,1847344.45,A,202307,1847344.45
2,6/1/2012,FALSE,78.38,3.501,13091.33,21,245.37,2993.15,221.3852748,6.891,1450733.29,A,202307,1910092.37
2,6/8/2012,FALSE,78.69,3.452,12162.04,463.6,78.39,3610.78,221.3877467,6.891,1390122.11,A,202307,2010216.49
2,6/15/2012,FALSE,80.56,3.393,8573.41,195,0.19,4455.38,221.4009901,6.891,1440263.15,A,202307,1962924.3
2,6/22/2012,FALSE,81.04,3.346,12126.02,314,60.99,6058.6,221.4411622,6.891,1468350.36,A,202307,1887733.21
2,7/6/2012,FALSE,84.2,3.227,12355.5,295.05,100.15,6720.4,221.5215064,6.565,2041507.4,A,202307,2041507.4
2,7/13/2012,FALSE,80.17,3.256,8354.65,342.25,20.53,5674.44,221.5616784,6.565,1321741.35,A,202307,1830075.13
2,7/20/2012,FALSE,83.23,3.311,6961.58,241.2,24.97,3401.36,221.5701123,6.565,1317672.92,A,202307,1819666.46
2,7/27/2012,FALSE,86.37,3.407,6999.14,197.72,2.53,6319.33,221.5785461,6.565,1248915.43,A,202307,1757923.88
2,8/3/2012,FALSE,90.22,3.417,27650.68,164.58,43.02,21801.9,221.5869799,6.565,1946104.64,A,202307,1946104.64
2,8/10/2012,FALSE,88.55,3.494,5554.54,142.3,13.43,4187.43,221.5954138,6.565,1866719.96,A,202307,1866719.96
2,8/17/2012,FALSE,84.79,3.571,4774.16,330.78,10.53,4253.28,221.6751459,6.565,1375101.26,A,202307,1928016.01
2,8/24/2012,FALSE,76.91,3.62,4759.7,211.38,6.62,2972.88,221.8083518,6.565,1544653.37,A,202307,1876788.15
2,8/31/2012,FALSE,82.64,3.638,17500.26,73.22,21.38,12878.62,221.9415576,6.565,1542719.87,A,202307,1947083.3
2,9/7/2012,TRUE,87.65,3.73,10658.86,149.28,60.97,2920.9,222.0747635,6.565,1898777.07,A,202307,1898777.07
2,9/21/2012,FALSE,71.09,3.721,6707.94,3.82,15.55,1001.42,222.4169362,6.565,1338572.29,A,202307,1829415.67
2,9/28/2012,FALSE,79.45,3.666,7106.05,1.91,1.65,1549.1,222.6164329,6.565,1338299.02,A,202307,1746470.56
2,10/26/2012,FALSE,69.79,3.506,6152.59,129.77,200,272.29,223.0783366,6.17,1834458.35,A,202307,1834458.35
3,11/11/2011,FALSE,61.7,3.297,8787.59,2006.62,200.01,570.57,221.4117517,7.197,531600.62,B,37392,407764.25
3,11/18/2011,FALSE,63.91,3.308,1383.53,23.27,19.95,865.09,221.6432852,7.197,398838.97,B,37392,398838.97
3,12/2/2011,FALSE,54.97,3.172,850.86,18.94,781.71,394.29,222.1589519,7.197,579874.22,B,37392,472511.32
3,12/9/2011,FALSE,49.26,3.158,4059.38,6.47,123.42,833.44,222.4167852,7.197,633240.53,B,37392,468772.8
3,12/30/2011,TRUE,48.29,3.129,1449.16,14356.07,66.66,81.43,223.0090839,7.197,551743.05,B,37392,410553.88
3,1/6/2012,FALSE,52.42,3.157,3824.22,9389.98,15,415.36,223.1923049,6.833,469773.85,B,37392,398178.21
3,1/20/2012,FALSE,56.2,3.268,720.82,1629.26,1.46,16.05,223.4700552,6.833,446863.31,B,37392,365818.61
3,2/3/2012,FALSE,59.33,3.36,9667.5,268.29,0.6,8368.15,223.6591137,6.833,493159.35,B,37392,424960.66
3,2/10/2012,TRUE,51.65,3.409,8687.47,1594.87,2.2,2144.87,223.753643,6.833,545840.05,B,37392,473292.47
3,2/17/2012,FALSE,52.39,3.51,2706.87,3128.74,1.88,2396.68,223.9170153,6.833,559606.91,B,37392,475591.08
3,3/9/2012,FALSE,60.71,3.669,8368.5,298.46,1.39,1340.29,224.5620291,6.833,504750.35,B,37392,445162.05
3,3/16/2012,FALSE,64,3.734,2588.06,80.89,3.2,909.76,224.7166953,6.833,411775.8,B,37392,411775.8
3,3/23/2012,FALSE,66.53,3.787,737.08,36.1,1.43,92.11,224.7909104,6.833,517408.48,B,37392,413907.25
3,3/30/2012,FALSE,69.36,3.845,825.1,99.83,1.25,113.25,224.8651254,6.833,504566.28,B,37392,407488.84
3,4/13/2012,FALSE,72.83,3.891,5359.22,1673.42,3,682.03,225.0135556,6.664,520493.83,B,37392,420789.74
3,4/20/2012,FALSE,72.05,3.877,2784.82,130.68,1.75,425.29,225.0689541,6.664,434822.13,B,37392,434822.13
3,6/1/2012,FALSE,81.55,3.501,2664.55,10,220.03,618.49,225.2518313,6.664,576252.35,B,37392,432268.53
3,6/8/2012,FALSE,81.65,3.452,5770.48,28.6,30.18,283.7,225.2521458,6.664,554093.15,B,37392,446336.8
3,6/15/2012,FALSE,84.66,3.393,2014.47,31.8,1,631.17,225.2644795,6.664,552338.76,B,37392,442074.79
3,6/22/2012,FALSE,82.7,3.346,1843.45,11.2,0.51,421.71,225.3068615,6.664,581854.5,B,37392,419497.95
3,7/6/2012,FALSE,83.14,3.227,2625.99,30.7,28.16,703.16,225.3916254,6.334,578832.41,B,37392,411206.5
3,7/13/2012,FALSE,82.28,3.256,3196.9,20.8,2.02,302.29,225.4340074,6.334,514709.76,B,37392,416913.1
3,7/20/2012,FALSE,81.38,3.311,1266.72,66.2,3.83,149.62,225.4438827,6.334,506705.36,B,37392,432424.85
3,7/27/2012,FALSE,84.94,3.407,3447.28,31,2.46,1791.7,225.4537579,6.334,475158.24,B,37392,389427.9
3,8/3/2012,FALSE,86.55,3.417,5683.49,37.2,0.04,2484.22,225.4636332,6.334,419990.29,B,37392,419990.29
3,8/10/2012,FALSE,85.85,3.494,3375.44,28.4,2.4,1880.43,225.4735085,6.334,518628.42,B,37392,391811.6
3,8/31/2012,FALSE,85.18,3.638,6599.69,27.8,24.7,1743.76,225.8293063,6.334,545844.91,B,37392,408838.73
3,9/7/2012,TRUE,84.99,3.73,2266.83,19,8.31,419.87,225.9660263,6.334,408229.73,B,37392,408229.73
3,9/21/2012,FALSE,72.78,3.721,3233.34,1.91,7.69,878.66,226.3151496,6.334,489079.23,B,37392,414392.09
3,10/26/2012,FALSE,74.66,3.506,370.99,6.35,4,5.94,226.9873637,6.034,405432.7,B,37392,405432.7
4,11/11/2011,FALSE,47.12,3.286,12851.52,16658.47,430.13,5630.01,129.8167097,5.143,1456957.38,A,205863,2203028.96
4,11/18/2011,FALSE,50.44,3.294,4539.94,840.56,372.9,613.96,129.8268333,5.143,1510397.27,A,205863,2243946.59
4,11/25/2011,TRUE,47.96,3.225,561.45,137.88,83340.33,44.04,129.8364,5.143,2338832.4,A,205863,3004702.33
4,12/2/2011,FALSE,38.71,3.176,9762.39,160.94,2260.29,4767.86,129.8459667,5.143,1632894.58,A,205863,2180999.26
4,12/9/2011,FALSE,31.64,3.153,5857.72,30,984.98,4692.5,129.8555333,5.143,1781528.77,A,205863,2508955.24
4,12/16/2011,FALSE,36.44,3.149,2756.67,72.3,1790.15,777.65,129.8980645,5.143,1991824.05,A,205863,2771397.17
4,12/23/2011,FALSE,35.92,3.103,2461.94,69.05,2938.24,52,129.9845484,5.143,3676388.98,A,205863,3676388.98
4,12/30/2011,TRUE,36.89,3.119,3496.13,72413.71,399.77,776.26,130.0710323,5.143,1537139.56,A,205863,2007105.86
4,1/6/2012,FALSE,38.64,3.158,7857.71,38677.72,234,863.22,130.1575161,4.607,1478537.93,A,205863,2047766.07
4,1/13/2012,FALSE,34.41,3.263,3666.28,14553.37,76.37,820.37,130.244,4.607,1369125.37,A,205863,1941676.61
4,1/20/2012,FALSE,42.09,3.273,2109.41,7040.02,44.16,918.36,130.2792258,4.607,1394841.03,A,205863,2005097.76
4,1/27/2012,FALSE,40.31,3.29,1346.06,3740.12,46.16,445.47,130.3144516,4.607,1320301.61,A,205863,1928720.51
4,2/3/2012,FALSE,41.81,3.354,50820.76,4033.29,285.11,48086.64,130.3496774,4.607,1396150.15,A,205863,2173373.91
4,2/10/2012,TRUE,33,3.411,11374.63,7208.51,118.37,12869.78,130.3849032,4.607,1442988.44,A,205863,2374660.64
4,2/17/2012,FALSE,34.19,3.493,14225.99,11049.65,17.36,11912.49,130.4546207,4.607,1511041.69,A,205863,2427640.17
4,2/24/2012,FALSE,41.31,3.541,9777.71,4703.88,5.4,1179.72,130.5502069,4.607,1412065.04,A,205863,2226662.17
4,3/2/2012,FALSE,50.38,3.619,18564.88,1394.86,32.93,10714.6,130.6457931,4.607,1453047.02,A,205863,2206319.9
4,3/9/2012,FALSE,53.63,3.667,8779.57,602.02,8.53,1103.64,130.7413793,4.607,1470764.35,A,205863,2202450.81
4,3/23/2012,FALSE,59.07,3.759,8806.8,-10.5,5.99,739.14,130.8966452,4.607,1469593.37,A,205863,2091592.54
4,3/30/2012,FALSE,72.63,3.82,2565.8,442.52,6.5,487.66,130.9670968,4.607,1499727.02,A,205863,2089381.77
4,4/13/2012,FALSE,68.69,3.881,12506.74,5941.43,30.84,3915.29,131.108,4.308,1580732.73,A,205863,2105301.39
4,4/20/2012,FALSE,68.6,3.864,2774.39,4279.41,43.43,2409.97,131.1173333,4.308,2144336.89,A,205863,2144336.89
4,4/27/2012,FALSE,76.47,3.81,3993.66,97.77,26.68,113.37,131.1266667,4.308,1456997.2,A,205863,2064065.66
4,5/11/2012,FALSE,67.64,3.685,20499.88,86,103.05,5005.96,131.1453333,4.308,1470792.41,A,205863,2127661.17
4,5/25/2012,FALSE,77.47,3.551,4330.02,436,862.31,3268.41,131.0287742,4.308,1596036.66,A,205863,2154137.67
4,6/1/2012,FALSE,77.41,3.483,10165.22,8.6,47.93,2676.33,130.9592258,4.308,1640476.77,A,205863,2179360.94
4,6/8/2012,FALSE,78.11,3.433,7429.46,249.8,7.86,4235.27,130.8896774,4.308,1623442.24,A,205863,2245257.18
4,6/15/2012,FALSE,80.94,3.372,16063.84,84,0.22,2105.39,130.8295333,4.308,1587499.82,A,205863,2234190.93
4,6/22/2012,FALSE,81.63,3.329,6619.2,351.22,3.48,5390.02,130.7929,4.308,1532316.79,A,205863,2197299.65
4,7/6/2012,FALSE,80.37,3.187,9789.03,90,157.62,10671.47,130.7196333,4.077,1659221.99,A,205863,2224499.28
4,7/13/2012,FALSE,76.86,3.224,11075.38,151,17.27,3810.25,130.683,4.077,1471261.76,A,205863,2100252.61
4,7/20/2012,FALSE,79.14,3.263,4799.23,47.55,30.56,634.78,130.7012903,4.077,1582168.27,A,205863,2175563.69
4,7/27/2012,FALSE,81.06,3.356,7011.68,68.7,4.26,13565.83,130.7195806,4.077,1487797.54,A,205863,2048613.65
4,8/3/2012,FALSE,83.86,3.374,29127.2,42.27,58.34,22663.73,130.737871,4.077,1608277.74,A,205863,2174514.13
4,8/10/2012,FALSE,83.21,3.476,16996.42,36.6,60.94,4777.2,130.7561613,4.077,1641867.92,A,205863,2193367.69
4,8/17/2012,FALSE,81.41,3.552,2531.63,15.04,5.54,1269.13,130.7909677,4.077,1720221.91,A,205863,2283540.3
4,8/31/2012,FALSE,76.47,3.646,19617.58,1.02,68.29,7187.73,130.8853548,4.077,1710923.94,A,205863,2081181.35
4,9/7/2012,TRUE,82.09,3.709,9082.61,16,59.06,7217.88,130.9325484,4.077,2125104.72,A,205863,2125104.72
4,9/21/2012,FALSE,68.97,3.721,11214.89,5.73,16.84,6376.86,131.0103333,4.077,1555672.51,A,205863,2119438.53
4,9/28/2012,FALSE,71.74,3.666,5333.92,5.73,2.94,1931.02,131.043,4.077,1495607.07,A,205863,2027620.23
5,11/11/2011,FALSE,60.71,3.297,2971.48,1943.2,60.03,757.33,218.5699621,6.3,808624.82,B,34875,311906.7
5,11/18/2011,FALSE,64.33,3.308,952.21,116.11,95.01,295.13,218.793912,6.3,773603.77,B,34875,307944.37
5,11/25/2011,TRUE,61.93,3.236,107.42,7,29333.06,8,219.0428204,6.3,1170672.94,B,34875,507900.07
5,12/2/2011,FALSE,51.14,3.172,2359.44,4,658.01,901.67,219.2917287,6.3,875699.81,B,34875,376225.61
5,12/30/2011,TRUE,45.62,3.129,1938.28,17079.76,72.93,162.33,220.1178226,6.3,869403.63,B,34875,349624.88
5,1/6/2012,FALSE,50.21,3.157,4602.39,6733.6,35.03,621.64,220.2969205,5.943,714081.05,B,34875,312078.71
5,1/13/2012,FALSE,48.86,3.261,3408.93,3666.32,1.71,137.88,220.4760185,5.943,676615.53,B,34875,291454.52
5,2/3/2012,FALSE,57.35,3.36,23811.41,1349.62,23.82,14928.42,220.7561941,5.943,757330.95,B,34875,333948
5,2/10/2012,TRUE,48.57,3.409,4239.28,2725.8,1.53,3682.89,220.849586,5.943,803657.12,B,34875,349239.88
5,2/17/2012,FALSE,48.25,3.51,5548.48,1958.52,1.76,2662.84,221.0106341,5.943,858853.75,B,34875,356427.98
5,3/2/2012,FALSE,60.66,3.63,6172.7,123.32,1,3063.26,221.4342146,5.943,782796.01,B,34875,359206.21
5,3/9/2012,FALSE,57.69,3.669,1842.42,51.27,2,109.67,221.6460048,5.943,776968.87,B,34875,347295.6
5,3/16/2012,FALSE,63.55,3.734,1879.87,30.7,2.24,585.12,221.7989713,5.943,788340.23,B,34875,339392.54
5,3/23/2012,FALSE,64.44,3.787,694.24,32.75,5.59,210.09,221.8735063,5.943,791835.37,B,34875,321299.99
5,3/30/2012,FALSE,67.76,3.845,5097.87,25.2,2.7,322.57,221.9480412,5.943,777254.06,B,34875,331318.73
5,4/20/2012,FALSE,67.33,3.877,1197.53,225.78,3,247.94,222.1512315,5.801,330063.06,B,34875,330063.06
5,6/15/2012,FALSE,81.64,3.393,1911.02,0.95,0.04,570.11,222.3492901,5.801,821498.18,B,34875,327383.64
5,7/6/2012,FALSE,82.35,3.227,2592.37,2.65,52.06,914.36,222.4714336,5.603,843361.1,B,34875,341214.43
5,7/13/2012,FALSE,80.78,3.256,1471.06,1,12,889.18,222.5121481,5.603,749817.08,B,34875,316203.64
5,7/20/2012,FALSE,81.05,3.311,964.82,13.48,3.39,278.93,222.5209358,5.603,737613.65,B,34875,321205.12
5,7/27/2012,FALSE,85.06,3.407,2696.67,7.75,0.36,3104.68,222.5297234,5.603,711671.58,B,34875,306827.36
5,8/3/2012,FALSE,86.91,3.417,7365.26,14.48,0.7,3640.7,222.5385111,5.603,725729.51,B,34875,324195.17
5,8/10/2012,FALSE,86.96,3.494,3261.56,15,0.5,1687.13,222.5472987,5.603,733037.32,B,34875,306759.7
5,8/17/2012,FALSE,87.52,3.571,1649.56,-10.98,2.31,1955.75,222.6276753,5.603,722496.93,B,34875,314014.18
5,8/24/2012,FALSE,79.45,3.62,1985.37,68,4.54,627.6,222.7617437,5.603,718232.26,B,34875,320831.36
5,8/31/2012,FALSE,84.25,3.638,5211.69,49,13,2799.14,222.8958121,5.603,734297.87,B,34875,344642.01
5,9/7/2012,TRUE,86.3,3.73,2797.26,1.9,9.61,968.75,223.0298805,5.603,766512.66,B,34875,350648.91
5,9/14/2012,FALSE,76.65,3.717,2027.18,4,4.55,1354.97,223.1734167,5.603,702238.27,B,34875,299800.67
5,9/21/2012,FALSE,71.09,3.721,3033.26,5.73,1.1,83.82,223.3737593,5.603,723086.2,B,34875,307306.76
6,11/11/2011,FALSE,61.33,3.297,12590.41,2173.66,123.2,3108.55,219.5631135,6.551,808624.82,A,202505,1536176.54
6,11/18/2011,FALSE,63.89,3.308,4649.8,304.36,205.38,687.88,219.7897137,6.551,773603.77,A,202505,1524390.07
6,11/25/2011,TRUE,62.78,3.236,429.03,171.88,83192.81,15,220.0417412,6.551,1170672.94,A,202505,2249811.55
6,12/2/2011,FALSE,51.18,3.172,6264.18,74.94,2885.14,3904.82,220.2937686,6.551,875699.81,A,202505,1688531.34
6,12/9/2011,FALSE,43.64,3.158,5473.33,42,282.45,4436.51,220.5457961,6.551,957155.31,A,202505,1903385.14
6,12/16/2011,FALSE,53.27,3.159,7070.01,27,603.98,508.56,220.7671856,6.551,1078905.68,A,202505,2034695.56
6,12/23/2011,FALSE,49.45,3.112,2143.54,55.54,1417.2,23.41,220.9477245,6.551,1521957.99,A,202505,2644633.02
6,12/30/2011,TRUE,46.8,3.129,6098.54,82881.16,326.68,814.58,221.1282634,6.551,869403.63,A,202505,1598080.52
6,1/6/2012,FALSE,50.82,3.157,3220.17,32056.43,108.24,985.76,221.3088023,6.132,714081.05,A,202505,1395339.71
6,1/13/2012,FALSE,48.33,3.261,4779.48,11967.81,65.72,575.13,221.4893412,6.132,676615.53,A,202505,1344243.17
6,1/20/2012,FALSE,55.37,3.268,3413.91,1540.99,33.02,449.06,221.5831306,6.132,700392.21,A,202505,1326255.7
6,1/27/2012,FALSE,53.95,3.29,1510.59,630.92,37.1,17,221.6769199,6.132,624081.64,A,202505,1315610.66
6,2/3/2012,FALSE,57.45,3.36,36848.38,1772.68,161.55,28199.34,221.7707093,6.132,757330.95,A,202505,1496305.78
6,2/10/2012,TRUE,48.58,3.409,12635.19,5694.76,68.45,8976.17,221.8644987,6.132,803657.12,A,202505,1620603.92
6,2/17/2012,FALSE,49.03,3.51,13182.32,15299.89,12.82,6129.29,222.026359,6.132,858853.75,A,202505,1632616.09
6,2/24/2012,FALSE,59.17,3.555,9198.08,8878.31,10.6,642.13,222.2392726,6.132,753060.78,A,202505,1465187.71
6,3/2/2012,FALSE,60.32,3.63,20243.99,618.72,14.35,9687.4,222.4521862,6.132,782796.01,A,202505,1550385.65
6,3/9/2012,FALSE,57.89,3.669,7731.19,445.6,4.19,446.42,222.6650998,6.132,776968.87,A,202505,1569304.4
6,3/16/2012,FALSE,62.8,3.734,7034.05,103.68,4.59,2231.64,222.8186603,6.132,788340.23,A,202505,1748010.29
6,3/23/2012,FALSE,63.71,3.787,4928.84,57.72,10.95,664.8,222.8930835,6.132,791835.37,A,202505,1495143.62
6,3/30/2012,FALSE,67.91,3.845,12063.62,6.78,16.5,1859.67,222.9675066,6.132,777254.06,A,202505,1508933.26
6,4/13/2012,FALSE,71.29,3.891,4634.18,6968.14,18.04,1544.21,223.1163529,5.964,781970.6,A,202505,1616394.45
6,4/20/2012,FALSE,68.64,3.877,2326.27,2591.86,14.79,81.42,223.17092,5.964,1456073.24,A,202505,1456073.24
6,4/27/2012,FALSE,71.5,3.814,2564.41,1.49,15.54,9.94,223.2254871,5.964,711571.88,A,202505,1456221.1
6,5/4/2012,FALSE,77.66,3.749,13643.53,266,117.27,5455.98,223.2800541,5.964,782300.68,A,202505,1543461.12
6,6/1/2012,FALSE,80.39,3.501,8267.68,16,441.83,1904.81,223.3539397,5.964,837144.63,A,202505,1681121.38
6,6/8/2012,FALSE,80.5,3.452,11150.2,188.6,63.7,859.54,223.3553131,5.964,795133,A,202505,1696619.52
6,6/15/2012,FALSE,82.1,3.393,7041.68,276.35,350.16,3373.11,223.3680933,5.964,821498.18,A,202505,1642247.48
6,6/22/2012,FALSE,81.2,3.346,7253.03,312.35,160.51,3024.57,223.4093906,5.964,822569.16,A,202505,1618272.25
6,7/6/2012,FALSE,82.95,3.227,6087.24,254.9,205.95,3655.34,223.4919851,5.668,843361.1,A,202505,1876359.39
6,7/13/2012,FALSE,80.27,3.256,8413.69,113.45,39.42,5516.18,223.5332824,5.668,749817.08,A,202505,1588142.26
6,7/20/2012,FALSE,81.57,3.311,3762.14,148.95,18.43,3197.56,223.5424501,5.668,737613.65,A,202505,1574361.97
6,7/27/2012,FALSE,85.78,3.407,7017.6,203.26,8.11,17151.91,223.5516178,5.668,711671.58,A,202505,1513229.16
6,8/3/2012,FALSE,87.55,3.417,31765.22,141.14,19.13,15925.51,223.5607856,5.668,725729.51,A,202505,1627274.93
6,8/10/2012,FALSE,87.04,3.494,5750.2,187.04,5.21,3920.14,223.5699533,5.668,733037.32,A,202505,1588380.73
6,8/17/2012,FALSE,87.53,3.571,5433.03,171.64,0.01,4968.35,223.6510224,5.668,722496.93,A,202505,1543049.52
6,8/24/2012,FALSE,79.03,3.62,5492.77,103.36,50,5268.21,223.7860175,5.668,718232.26,A,202505,1501095.49
6,8/31/2012,FALSE,83.58,3.638,21801.35,111.57,16.74,15675.98,223.9210125,5.668,734297.87,A,202505,1577439.81
6,9/7/2012,TRUE,86.33,3.73,14105.12,47.96,24.6,3040.62,224.0560076,5.668,766512.66,A,202505,1608077.01
6,9/14/2012,FALSE,76.41,3.717,11072.87,22,6.01,3871.46,224.2004678,5.668,702238.27,A,202505,1375166.86
6,9/21/2012,FALSE,70.81,3.721,8735.97,3.82,6.15,855.06,224.4017192,5.668,723086.2,A,202505,1425603.65
6,9/28/2012,FALSE,77.82,3.666,4181.54,7.64,1.65,1952.69,224.6029706,5.668,713173.95,A,202505,1369131.46
7,11/11/2011,FALSE,19.53,3.505,3307.6,1431.65,143.06,1330.31,195.6376941,8.513,808624.82,B,70713,556015.59
7,11/18/2011,FALSE,29.53,3.479,3221.47,1229.96,7.35,494.15,195.7184713,8.513,773603.77,B,70713,539826.56
7,11/25/2011,TRUE,27.6,3.424,35.94,6.47,41487.59,12,195.7704,8.513,1170672.94,B,70713,949075.87
7,12/2/2011,FALSE,20.38,3.378,2229.32,6.47,738.42,1630.88,195.8223287,8.513,875699.81,B,70713,591907.88
7,12/16/2011,FALSE,15.2,3.266,2089.28,0.09,168.73,439.97,195.9841685,8.513,1078905.68,B,70713,720242.19
7,12/23/2011,FALSE,12.19,3.173,519.82,0.15,483.1,41.51,196.1713893,8.513,1521957.99,B,70713,1059715.27
7,12/30/2011,TRUE,15.56,3.119,2026.82,17021.3,113.19,144.93,196.3586101,8.513,869403.63,B,70713,815915.52
7,1/6/2012,FALSE,18.67,3.095,2373.44,11519.36,7.26,162.72,196.5458309,8.256,714081.05,B,70713,713117.66
7,1/13/2012,FALSE,7.46,3.077,3167.26,5926.48,0.54,191.84,196.7330517,8.256,676615.53,B,70713,593875.46
7,1/20/2012,FALSE,27.41,3.055,1967.73,2791.5,0.73,213.86,196.7796652,8.256,700392.21,B,70713,578002.85
7,2/3/2012,FALSE,22.2,3.031,56917.7,1839.82,4.53,16241.73,196.8728921,8.256,757330.95,B,70713,580453.32
7,2/10/2012,TRUE,18.79,3.103,13100.37,3096.6,1.73,4854.7,196.9195056,8.256,803657.12,B,70713,563460.77
7,2/17/2012,FALSE,27.03,3.113,5453.54,4918.31,1.88,1838.98,196.9432711,8.256,858853.75,B,70713,620908.18
7,2/24/2012,FALSE,24.41,3.129,10170.57,4331.71,93.06,2699.15,196.9499007,8.256,753060.78,B,70713,603041.14
7,3/2/2012,FALSE,21.64,3.191,41848.34,2326.08,139.2,15505,196.9565303,8.256,782796.01,B,70713,551058.13
7,3/9/2012,FALSE,30.1,3.286,12144.9,1178.96,2.18,996.02,196.9631599,8.256,776968.87,B,70713,579166.5
7,3/16/2012,FALSE,37.29,3.486,2980.91,3.28,2.55,3440.61,197.0457208,8.256,788340.23,B,70713,669205.73
7,3/30/2012,FALSE,44.99,3.75,8460.02,2.4,9.25,385.22,197.4133259,8.256,777254.06,B,70713,583322.2
7,4/13/2012,FALSE,41.43,3.901,1662.2,1555.57,15.47,776.66,197.780931,8.09,781970.6,B,70713,517420.23
7,4/20/2012,FALSE,39.3,3.936,2114.64,863.38,14.21,549.62,197.7227385,8.09,457340.06,B,70713,457340.06
7,6/8/2012,FALSE,63.07,3.741,3729.69,76.6,0.12,444.64,197.6551863,8.09,795133,B,70713,642963.75
7,6/15/2012,FALSE,59.33,3.723,16717.38,119.4,0.65,677.29,197.692292,8.09,821498.18,B,70713,666942.02
7,6/22/2012,FALSE,63.69,3.735,12407.71,352.1,0.09,1239.04,197.7389345,8.09,822569.16,B,70713,687344.68
7,7/6/2012,FALSE,64.67,3.646,2779.97,326.2,5.07,2112.68,197.8322195,7.872,843361.1,B,70713,805642.61
7,7/13/2012,FALSE,64.21,3.613,1562.86,85.7,0.35,424.66,197.8788621,7.872,749817.08,B,70713,694150.89
7,7/20/2012,FALSE,62.87,3.585,1182.59,114.37,11.37,198.49,197.9290378,7.872,737613.65,B,70713,686345.69
7,7/27/2012,FALSE,64.6,3.57,1064.81,688.66,3.45,1264.45,197.9792136,7.872,711671.58,B,70713,686365.4
7,8/3/2012,FALSE,61.83,3.528,9468.47,109.88,2.88,8606.99,198.0293893,7.872,725729.51,B,70713,680954.81
7,8/10/2012,FALSE,63.41,3.509,4032.28,26.2,55.79,2124.61,198.0795651,7.872,733037.32,B,70713,675926.3
7,8/17/2012,FALSE,59.66,3.545,1266.82,34.6,46.86,1649.91,198.1001057,7.872,722496.93,B,70713,642450.4
7,8/24/2012,FALSE,59.27,3.558,2534.52,19.6,1.86,1627.26,198.0984199,7.872,718232.26,B,70713,609099.37
7,8/31/2012,FALSE,60.46,3.556,6246.07,9,16.35,2482.01,198.0967341,7.872,734297.87,B,70713,586467.16
7,9/21/2012,FALSE,51.77,3.765,4113.14,12,3,344.2,198.358523,7.872,723086.2,B,70713,530842.25
7,9/28/2012,FALSE,50.64,3.789,3735.2,6.91,4.5,917.2,198.5903276,7.872,713173.95,B,70713,525545.76
7,10/26/2012,FALSE,42.53,3.686,2818.42,24.03,2.97,343.26,199.2195317,7.557,495543.28,B,70713,495543.28
8,11/11/2011,FALSE,50.56,3.297,4971.01,4538.18,541.05,1407.72,221.4595129,6.123,808624.82,A,155078,917088.48
8,11/18/2011,FALSE,51.72,3.308,6839.45,114.32,166.32,868.79,221.6911738,6.123,773603.77,A,155078,897032.19
8,11/25/2011,TRUE,49.61,3.236,437.61,320.76,45968.51,110.41,221.9491571,6.123,1170672.94,A,155078,1235163.86
8,12/2/2011,FALSE,40.82,3.172,2222.42,286,1464.46,1192.79,222.2071405,6.123,875699.81,A,155078,986601.46
8,12/9/2011,FALSE,30.51,3.158,4425.92,36,346.05,1791.15,222.4651238,6.123,957155.31,A,155078,1051922.95
8,12/16/2011,FALSE,39.79,3.159,739.45,34,326.76,169.2,222.6910959,6.123,1078905.68,A,155078,1118163.94
8,12/23/2011,FALSE,38.16,3.112,1234,0.3,891.94,14,222.8743862,6.123,1521957.99,A,155078,1462254.05
8,12/30/2011,TRUE,36.33,3.129,3701.08,36381.83,164.34,178.4,223.0576765,6.123,869403.63,A,155078,858572.22
8,1/6/2012,FALSE,43.47,3.157,3093.39,26001.46,96.35,500.91,223.2409668,5.825,714081.05,A,155078,872113.23
8,1/13/2012,FALSE,36.46,3.261,6725.29,12764.99,15.98,299.73,223.4242571,5.825,676615.53,A,155078,817661.76
8,1/20/2012,FALSE,46.81,3.268,1643.08,1055.47,9.02,411.88,223.5188055,5.825,700392.21,A,155078,813954.82
8,1/27/2012,FALSE,45.52,3.29,6065.01,730.16,15.18,30.28,223.6133539,5.825,624081.64,A,155078,778178.53
8,2/3/2012,FALSE,45.56,3.36,41524.03,1412.41,83.15,18723.56,223.7079023,5.825,757330.95,A,155078,927610.69
8,2/10/2012,TRUE,35.71,3.409,9332.6,3298.88,32.12,6530.08,223.8024507,5.825,803657.12,A,155078,1021400.42
8,2/17/2012,FALSE,37.51,3.51,4376.58,10723.12,10.5,1546.82,223.9658621,5.825,858853.75,A,155078,1096232.89
8,2/24/2012,FALSE,46.33,3.555,9712.39,4960.15,1,2441.26,224.1809207,5.825,753060.78,A,155078,928537.54
8,3/2/2012,FALSE,50.95,3.63,19521.45,1000.19,0.6,5819.37,224.3959793,5.825,782796.01,A,155078,952264.91
8,3/9/2012,FALSE,49.59,3.669,7740.12,269.44,2,509.65,224.6110379,5.825,776968.87,A,155078,960115.56
8,3/16/2012,FALSE,56.63,3.734,4879.04,501.9,6.14,1078.01,224.7657327,5.825,788340.23,A,155078,921178.39
8,3/23/2012,FALSE,52.9,3.787,6155.76,499.11,2.04,403.32,224.8399424,5.825,791835.37,A,155078,874223.25
8,4/13/2012,FALSE,65.19,3.891,7627.83,4689.55,4.2,940.82,225.0625714,5.679,781970.6,A,155078,909989.45
8,4/20/2012,FALSE,63.59,3.877,3600.79,2105.64,4.9,1768.65,225.1179914,5.679,872288.46,A,155078,872288.46
8,4/27/2012,FALSE,70.34,3.814,5440.25,1.5,2.2,15.6,225.1734114,5.679,711571.88,A,155078,879448.25
8,6/1/2012,FALSE,78.31,3.501,11578.32,41.6,58.17,1319.45,225.300865,5.679,837144.63,A,155078,921161.2
8,6/8/2012,FALSE,74.28,3.452,8721.82,252.8,30.45,679.89,225.3011521,5.679,795133,A,155078,928820
8,6/15/2012,FALSE,77.14,3.393,8583.02,265.7,151.05,1184.4,225.3134743,5.679,821498.18,A,155078,916918.7
8,6/22/2012,FALSE,78.85,3.346,5146.44,124.95,2.97,1409.95,225.3558843,5.679,822569.16,A,155078,899449.65
8,7/6/2012,FALSE,81.24,3.227,10526.01,157.93,182.17,3068.98,225.4407043,5.401,843361.1,A,155078,936205.5
8,7/13/2012,FALSE,78.46,3.256,10278.48,129.2,24,1750.15,225.4831143,5.401,749817.08,A,155078,890488.01
8,7/20/2012,FALSE,79.94,3.311,6764.94,164.8,13.02,390.77,225.4930078,5.401,737613.65,A,155078,888834.07
8,7/27/2012,FALSE,81.71,3.407,6382.88,80.6,3.55,2242.95,225.5029014,5.401,711671.58,A,155078,838227.52
8,8/3/2012,FALSE,85.06,3.417,12755.02,88.2,17.83,4783.44,225.5127949,5.401,725729.51,A,155078,897076.73
8,8/10/2012,FALSE,83.74,3.494,11811.65,26,59.03,2215.73,225.5226885,5.401,733037.32,A,155078,930745.69
8,8/17/2012,FALSE,81.21,3.571,3224.14,21.02,4.26,1066.29,225.6050797,5.401,722496.93,A,155078,896613.19
8,8/24/2012,FALSE,73.77,3.62,3822.14,6.4,4.2,763.09,225.7418442,5.401,718232.26,A,155078,936373.65
8,8/31/2012,FALSE,75.33,3.638,10297.42,21.6,17.16,3952.93,225.8786088,5.401,734297.87,A,155078,976137.73
8,9/7/2012,TRUE,80.87,3.73,11548.63,9,29.22,1177.09,226.0153733,5.401,766512.66,A,155078,932160.37
8,9/28/2012,FALSE,71.1,3.666,5518.65,1.91,0.55,1103.02,226.5675714,5.401,713173.95,A,155078,884724.41
8,10/26/2012,FALSE,64.74,3.506,2679.05,20.38,6,384.25,227.0369359,5.124,891671.44,A,155078,891671.44
9,11/11/2011,FALSE,58.28,3.297,3235.06,1645.11,63.15,1580.98,221.6482278,6.054,808624.82,B,125833,594574.12
9,11/18/2011,FALSE,58.8,3.308,3648.4,2.63,21.12,1639.62,221.8803923,6.054,773603.77,B,125833,542414.27
9,12/23/2011,FALSE,44.43,3.112,719.14,0.24,318.75,17.72,223.0661125,6.054,1521957.99,B,125833,905324.68
9,12/30/2011,TRUE,43.41,3.129,2155.73,14481.63,44.07,237.84,223.2496766,6.054,869403.63,B,125833,549788.36
9,1/6/2012,FALSE,47.54,3.157,3597.08,6203.76,11.2,3743.55,223.4332408,5.667,714081.05,B,125833,519585.67
9,2/3/2012,FALSE,54.43,3.36,19289.22,527.14,4.46,9955.21,223.9006766,5.667,757330.95,B,125833,549967.89
9,2/10/2012,TRUE,44.03,3.409,5619.8,1595.17,1.71,4740.66,223.9953006,5.667,803657.12,B,125833,609736.12
9,2/17/2012,FALSE,43.81,3.51,4572.81,5448.91,6,945.06,224.1588663,5.667,858853.75,B,125833,658965.05
9,2/24/2012,FALSE,53.67,3.555,3801.98,4010.13,1,586.06,224.3741384,5.667,753060.78,B,125833,563578.79
9,3/9/2012,FALSE,54.03,3.669,3923.2,96.52,17.36,990.11,224.8046825,5.667,776968.87,B,125833,574955.95
9,3/16/2012,FALSE,59.94,3.734,1913.05,1.8,7.33,436.67,224.9594902,5.667,788340.23,B,125833,550373.57
9,3/23/2012,FALSE,58.79,3.787,1681.15,1.8,0.68,414.45,225.0336786,5.667,791835.37,B,125833,550791.32
9,4/20/2012,FALSE,68.04,3.877,910.31,121.25,2,265.55,225.3117488,5.539,776661.74,B,125833,542819.03
9,6/1/2012,FALSE,80.26,3.501,2542.14,35.6,76.8,374.37,225.4946078,5.539,837144.63,B,125833,583648.59
9,6/8/2012,FALSE,78.91,3.452,3564.15,142.2,0.3,81.26,225.4947868,5.539,795133,B,125833,582525.42
9,6/15/2012,FALSE,82.21,3.393,3296.23,176.4,50.03,780.78,225.5070634,5.539,821498.18,B,125833,564606.1
9,7/6/2012,FALSE,84.15,3.227,3165.17,87.2,8.08,1642.41,225.6346256,5.277,843361.1,B,125833,578790.36
9,7/20/2012,FALSE,83.39,3.311,1107.97,0.5,5.85,862.28,225.6871121,5.277,737613.65,B,125833,513991.57
9,7/27/2012,FALSE,86.41,3.407,1042.73,8,1.66,1129.2,225.6970779,5.277,711671.58,B,125833,495951
9,8/3/2012,FALSE,90.23,3.417,11864.5,61,0.22,1659.09,225.7070437,5.277,725729.51,B,125833,533887.54
9,8/10/2012,FALSE,88.66,3.494,3180.78,-9.94,1.4,2112.03,225.7170094,5.277,733037.32,B,125833,538713.47
9,9/7/2012,TRUE,87.93,3.73,4837.99,-5.96,22.74,602.8,226.2103541,5.277,766512.66,B,125833,565812.29
9,9/28/2012,FALSE,76.8,3.666,1699.68,1.91,0.55,190.38,226.7630732,5.277,713173.95,B,125833,516361.06
10,11/11/2011,FALSE,55.28,3.677,13444.17,14909.99,752.18,4320.22,129.8167097,7.874,1594938.89,B,126512,2076570.84
10,11/18/2011,FALSE,58.97,3.669,3886.23,708.7,115.18,695.54,129.8268333,7.874,1539483.7,B,126512,1869087.85
10,11/25/2011,TRUE,60.68,3.76,174.72,329,141630.61,79,129.8364,7.874,2033320.66,B,126512,2950198.64
10,12/2/2011,FALSE,57.29,3.701,7772.17,240,4737.51,6615.5,129.8459667,7.874,1584083.95,B,126512,2068097.18
10,12/9/2011,FALSE,42.58,3.644,7010.08,74.24,1019.36,5124.86,129.8555333,7.874,1799682.38,B,126512,2429310.9
10,12/16/2011,FALSE,50.53,3.489,2200.27,337.44,1203.16,158.52,129.8980645,7.874,1881176.67,B,126512,2555031.18
10,12/23/2011,FALSE,48.36,3.541,300.02,77.73,2432.01,108.37,129.9845484,7.874,2270188.99,B,126512,3487986.89
10,12/30/2011,TRUE,48.92,3.428,7676.36,104519.54,179.82,1573.87,130.0710323,7.874,1497462.72,B,126512,1930690.37
10,1/6/2012,FALSE,59.85,3.443,7737.75,38456.09,39.72,305.2,130.1575161,7.545,1550369.92,B,126512,1683401.78
10,1/13/2012,FALSE,51,3.477,5203.77,14424.42,1.38,597.55,130.244,7.545,1459601.17,B,126512,1711562.73
10,1/20/2012,FALSE,54.51,3.66,2972.31,3286.44,1,644.03,130.2792258,7.545,1394393.84,B,126512,1675562.94
10,2/3/2012,FALSE,56.85,3.543,42468.4,1985.73,174.33,33345.34,130.3496774,7.545,1636339.65,B,126512,1867403.01
10,2/10/2012,TRUE,55.73,3.722,8414.22,861.38,66.96,6806.11,130.3849032,7.545,2218595.8,B,126512,2218595.8
10,2/17/2012,FALSE,54.12,3.781,20174.89,8935.08,10.8,6330.02,130.4546207,7.545,1819870,B,126512,2168709.76
10,3/2/2012,FALSE,57.62,3.882,22685.06,152.91,48.76,5831.75,130.6457931,7.545,1688420.76,B,126512,1990371.02
10,3/9/2012,FALSE,57.65,3.963,11265.62,7.9,14.95,919.45,130.7413793,7.545,1675431.16,B,126512,1917483.1
10,3/16/2012,FALSE,62.11,4.273,3977.45,-10.5,6.03,1928.5,130.8261935,7.545,1677472.78,B,126512,1930814.66
10,3/23/2012,FALSE,56.54,4.288,4034.35,3.1,4.08,480.89,130.8966452,7.545,1511068.07,B,126512,1837457.69
10,4/13/2012,FALSE,70.28,4.254,7299.64,10818.3,27.47,3675.97,131.108,7.382,1621031.7,B,126512,1974687.51
10,4/20/2012,FALSE,67.75,4.111,4973.95,4561.31,5.17,1953.72,131.1173333,7.382,1521577.87,B,126512,1777166.53
10,4/27/2012,FALSE,80.11,4.088,3444.43,1.5,3.39,124.18,131.1266667,7.382,1468928.37,B,126512,1712987.56
10,6/8/2012,FALSE,86.87,4.103,7184.69,31,338.26,637.39,130.8896774,7.382,1697230.96,B,126512,1840491.41
10,6/15/2012,FALSE,88.58,4.144,6017.71,18.8,41.99,2052.91,130.8295333,7.382,1630607,B,126512,1811562.88
10,6/22/2012,FALSE,89.92,4.014,7684.55,12.6,1.17,3375.65,130.7929,7.382,1527845.81,B,126512,1755334.18
10,7/6/2012,FALSE,86.87,3.666,12644.88,11.2,4.12,5763.56,130.7196333,7.17,1769854.16,B,126512,1805999.79
10,7/13/2012,FALSE,89.8,3.723,7069.25,5,0.32,8194.36,130.683,7.17,1527014.04,B,126512,1765571.91
10,7/20/2012,FALSE,84.45,3.589,6596.8,-1.6,44.6,4275.27,130.7012903,7.17,1497954.76,B,126512,1869967.03
10,8/17/2012,FALSE,88.83,4.002,4407.9,0,7.2,3037.56,130.7909677,7.17,1597868.05,B,126512,1827797.4
10,9/7/2012,TRUE,83.07,4.124,11848.88,20,47.52,3530.47,130.9325484,7.17,1661767.33,B,126512,1708283.28
10,9/21/2012,FALSE,81.93,4.125,11273.56,245.91,27,2976.5,131.0103333,7.17,1671857.57,B,126512,1671857.57
10,9/28/2012,FALSE,82.52,3.966,6091.96,62.82,2.82,3350.88,131.043,7.17,1437059.26,B,126512,1694862.41
10,10/26/2012,FALSE,70.5,4.301,9657.93,63.3,100,1925.87,131.1930968,6.943,1493659.74,B,126512,1744349.05
